<beans xmlns="http://www.springframework.org/schema/beans"
       xmlns:xsi="http://www.w3.org/2001/XMLSchema-instance"
       xmlns:p="http://www.springframework.org/schema/p"
       xmlns:context="http://www.springframework.org/schema/context"
       xmlns:mvc="http://www.springframework.org/schema/mvc"
       xsi:schemaLocation="
       http://www.springframework.org/schema/beans
       http://www.springframework.org/schema/beans/spring-beans.xsd
       http://www.springframework.org/schema/context
       http://www.springframework.org/schema/context/spring-context.xsd
       http://www.springframework.org/schema/mvc
       http://www.springframework.org/schema/mvc/spring-mvc.xsd">

    <context:property-placeholder location="classpath:resources.properties"/>

    <!-- 开启controller注解支持 -->
    <!-- 注意事项请参考：http://jinnianshilongnian.iteye.com/blog/1762632 -->
    <context:component-scan base-package="com.dongnaoedu.vip.shiro.web.controller" use-default-filters="false">
        <context:include-filter type="annotation"
                                expression="org.springframework.stereotype.Controller"/>
        <context:include-filter type="annotation"
                                expression="org.springframework.web.bind.annotation.ControllerAdvice"/>
    </context:component-scan>


    <mvc:annotation-driven>
        <mvc:argument-resolvers>
            <bean class="com.dongnaoedu.vip.shiro.web.bind.method.CurrentUserMethodArgumentResolver"/>
        </mvc:argument-resolvers>
    </mvc:annotation-driven>

    <bean class="org.springframework.web.servlet.mvc.method.annotation.RequestMappingHandlerAdapter">
        <property name="messageConverters">
            <list>
                <ref bean="mappingJacksonHttpMessageConverter" />
            </list>
        </property>
    </bean>

    <bean id="mappingJacksonHttpMessageConverter"
          class="org.springframework.http.converter.json.MappingJackson2HttpMessageConverter">
        <property name = "supportedMediaTypes">
            <list>
                <bean class="org.springframework.http.MediaType">
                    <constructor-arg index="0" value="text"/>
                    <constructor-arg index="1" value="plain"/>
                    <constructor-arg index="2" value="UTF-8"/>
                </bean>
                <bean class="org.springframework.http.MediaType">
                    <constructor-arg index="0" value="*"/>
                    <constructor-arg index="1" value="*"/>
                    <constructor-arg index="2" value="UTF-8"/>
                </bean>
                <bean class="org.springframework.http.MediaType">
                    <constructor-arg index="0" value="text"/>
                    <constructor-arg index="1" value="*"/>
                    <constructor-arg index="2" value="UTF-8"/>
                </bean>
                <bean class="org.springframework.http.MediaType">
                    <constructor-arg index="0" value="application"/>
                    <constructor-arg index="1" value="json"/>
                    <constructor-arg index="2" value="UTF-8"/>
                </bean>
            </list>
        </property>
    </bean>

    <!-- 当在web.xml 中   DispatcherServlet使用 <url-pattern>/</url-pattern> 映射时，能映射静态资源 -->
    <mvc:default-servlet-handler/>

    <!-- 静态资源映射 -->
    <mvc:resources mapping="/static/**" location="/WEB-INF/static/"/>

    <!-- 默认的视图解析器 在上边的解析错误时使用 (默认使用html)- -->
    <bean id="defaultViewResolver" class="org.springframework.web.servlet.view.InternalResourceViewResolver"
          p:order="1">
        <property name="viewClass" value="org.springframework.web.servlet.view.JstlView"/>
        <property name="contentType" value="text/html"/>
        <property name="prefix" value="/WEB-INF/jsp/"/>
        <property name="suffix" value=".jsp"/>
    </bean>

    <!-- 控制器异常处理 -->
    <bean id="exceptionHandlerExceptionResolver" class="org.springframework.web.servlet.mvc.method.annotation.ExceptionHandlerExceptionResolver">
    </bean>

    <bean class="com.dongnaoedu.vip.shiro.web.exception.DefaultExceptionHandler"/>

    <import resource="spring-mvc-shiro.xml"/>

</beans>
