<?xml version="1.0" encoding="UTF-8"?>
<!DOCTYPE mapper PUBLIC "-//mybatis.org//DTD Mapper 3.0//EN" "http://mybatis.org/dtd/mybatis-3-mapper.dtd">
<mapper namespace="com.dongnaoedu.mall.mapper.TbMemberMapper">
  <resultMap id="BaseResultMap" type="com.dongnaoedu.mall.pojo.TbMember">
    <id column="id" jdbcType="BIGINT" property="id" />
    <result column="username" jdbcType="VARCHAR" property="username" />
    <result column="password" jdbcType="VARCHAR" property="password" />
    <result column="phone" jdbcType="VARCHAR" property="phone" />
    <result column="email" jdbcType="VARCHAR" property="email" />
    <result column="created" jdbcType="TIMESTAMP" property="created" />
    <result column="updated" jdbcType="TIMESTAMP" property="updated" />
    <result column="sex" jdbcType="VARCHAR" property="sex" />
    <result column="address" jdbcType="VARCHAR" property="address" />
    <result column="state" jdbcType="INTEGER" property="state" />
    <result column="file" jdbcType="VARCHAR" property="file" />
    <result column="description" jdbcType="VARCHAR" property="description" />
    <result column="points" jdbcType="INTEGER" property="points" />
    <result column="balance" jdbcType="DECIMAL" property="balance" />
  </resultMap>
  <sql id="Example_Where_Clause">
    <where>
      <foreach collection="oredCriteria" item="criteria" separator="or">
        <if test="criteria.valid">
          <trim prefix="(" prefixOverrides="and" suffix=")">
            <foreach collection="criteria.criteria" item="criterion">
              <choose>
                <when test="criterion.noValue">
                  and ${criterion.condition}
                </when>
                <when test="criterion.singleValue">
                  and ${criterion.condition} #{criterion.value}
                </when>
                <when test="criterion.betweenValue">
                  and ${criterion.condition} #{criterion.value} and #{criterion.secondValue}
                </when>
                <when test="criterion.listValue">
                  and ${criterion.condition}
                  <foreach close=")" collection="criterion.value" item="listItem" open="(" separator=",">
                    #{listItem}
                  </foreach>
                </when>
              </choose>
            </foreach>
          </trim>
        </if>
      </foreach>
    </where>
  </sql>
  <sql id="Update_By_Example_Where_Clause">
    <where>
      <foreach collection="example.oredCriteria" item="criteria" separator="or">
        <if test="criteria.valid">
          <trim prefix="(" prefixOverrides="and" suffix=")">
            <foreach collection="criteria.criteria" item="criterion">
              <choose>
                <when test="criterion.noValue">
                  and ${criterion.condition}
                </when>
                <when test="criterion.singleValue">
                  and ${criterion.condition} #{criterion.value}
                </when>
                <when test="criterion.betweenValue">
                  and ${criterion.condition} #{criterion.value} and #{criterion.secondValue}
                </when>
                <when test="criterion.listValue">
                  and ${criterion.condition}
                  <foreach close=")" collection="criterion.value" item="listItem" open="(" separator=",">
                    #{listItem}
                  </foreach>
                </when>
              </choose>
            </foreach>
          </trim>
        </if>
      </foreach>
    </where>
  </sql>
  <sql id="Base_Column_List">
    id, username, password, phone, email, created, updated, sex, address, state, file, 
    description, points, balance
  </sql>
  <select id="selectByExample" parameterType="com.dongnaoedu.mall.pojo.TbMemberExample" resultMap="BaseResultMap">
    select
    <if test="distinct">
      distinct
    </if>
    <include refid="Base_Column_List" />
    from tb_member
    <if test="_parameter != null">
      <include refid="Example_Where_Clause" />
    </if>
    <if test="orderByClause != null">
      order by ${orderByClause}
    </if>
  </select>
  <select id="selectByPrimaryKey" parameterType="java.lang.Long" resultMap="BaseResultMap">
    select 
    <include refid="Base_Column_List" />
    from tb_member
    where id = #{id,jdbcType=BIGINT}
  </select>
  <delete id="deleteByPrimaryKey" parameterType="java.lang.Long">
    delete from tb_member
    where id = #{id,jdbcType=BIGINT}
  </delete>
  <delete id="deleteByExample" parameterType="com.dongnaoedu.mall.pojo.TbMemberExample">
    delete from tb_member
    <if test="_parameter != null">
      <include refid="Example_Where_Clause" />
    </if>
  </delete>
  <insert id="insert" parameterType="com.dongnaoedu.mall.pojo.TbMember">
    insert into tb_member (id, username, password, 
      phone, email, created, 
      updated, sex, address, 
      state, file, description, 
      points, balance)
    values (#{id,jdbcType=BIGINT}, #{username,jdbcType=VARCHAR}, #{password,jdbcType=VARCHAR}, 
      #{phone,jdbcType=VARCHAR}, #{email,jdbcType=VARCHAR}, #{created,jdbcType=TIMESTAMP}, 
      #{updated,jdbcType=TIMESTAMP}, #{sex,jdbcType=VARCHAR}, #{address,jdbcType=VARCHAR}, 
      #{state,jdbcType=INTEGER}, #{file,jdbcType=VARCHAR}, #{description,jdbcType=VARCHAR}, 
      #{points,jdbcType=INTEGER}, #{balance,jdbcType=DECIMAL})
  </insert>
  <insert id="insertSelective" parameterType="com.dongnaoedu.mall.pojo.TbMember">
    insert into tb_member
    <trim prefix="(" suffix=")" suffixOverrides=",">
      <if test="id != null">
        id,
      </if>
      <if test="username != null">
        username,
      </if>
      <if test="password != null">
        password,
      </if>
      <if test="phone != null">
        phone,
      </if>
      <if test="email != null">
        email,
      </if>
      <if test="created != null">
        created,
      </if>
      <if test="updated != null">
        updated,
      </if>
      <if test="sex != null">
        sex,
      </if>
      <if test="address != null">
        address,
      </if>
      <if test="state != null">
        state,
      </if>
      <if test="file != null">
        file,
      </if>
      <if test="description != null">
        description,
      </if>
      <if test="points != null">
        points,
      </if>
      <if test="balance != null">
        balance,
      </if>
    </trim>
    <trim prefix="values (" suffix=")" suffixOverrides=",">
      <if test="id != null">
        #{id,jdbcType=BIGINT},
      </if>
      <if test="username != null">
        #{username,jdbcType=VARCHAR},
      </if>
      <if test="password != null">
        #{password,jdbcType=VARCHAR},
      </if>
      <if test="phone != null">
        #{phone,jdbcType=VARCHAR},
      </if>
      <if test="email != null">
        #{email,jdbcType=VARCHAR},
      </if>
      <if test="created != null">
        #{created,jdbcType=TIMESTAMP},
      </if>
      <if test="updated != null">
        #{updated,jdbcType=TIMESTAMP},
      </if>
      <if test="sex != null">
        #{sex,jdbcType=VARCHAR},
      </if>
      <if test="address != null">
        #{address,jdbcType=VARCHAR},
      </if>
      <if test="state != null">
        #{state,jdbcType=INTEGER},
      </if>
      <if test="file != null">
        #{file,jdbcType=VARCHAR},
      </if>
      <if test="description != null">
        #{description,jdbcType=VARCHAR},
      </if>
      <if test="points != null">
        #{points,jdbcType=INTEGER},
      </if>
      <if test="balance != null">
        #{balance,jdbcType=DECIMAL},
      </if>
    </trim>
  </insert>
  <select id="countByExample" parameterType="com.dongnaoedu.mall.pojo.TbMemberExample" resultType="java.lang.Long">
    select count(*) from tb_member
    <if test="_parameter != null">
      <include refid="Example_Where_Clause" />
    </if>
  </select>
  <update id="updateByExampleSelective" parameterType="map">
    update tb_member
    <set>
      <if test="record.id != null">
        id = #{record.id,jdbcType=BIGINT},
      </if>
      <if test="record.username != null">
        username = #{record.username,jdbcType=VARCHAR},
      </if>
      <if test="record.password != null">
        password = #{record.password,jdbcType=VARCHAR},
      </if>
      <if test="record.phone != null">
        phone = #{record.phone,jdbcType=VARCHAR},
      </if>
      <if test="record.email != null">
        email = #{record.email,jdbcType=VARCHAR},
      </if>
      <if test="record.created != null">
        created = #{record.created,jdbcType=TIMESTAMP},
      </if>
      <if test="record.updated != null">
        updated = #{record.updated,jdbcType=TIMESTAMP},
      </if>
      <if test="record.sex != null">
        sex = #{record.sex,jdbcType=VARCHAR},
      </if>
      <if test="record.address != null">
        address = #{record.address,jdbcType=VARCHAR},
      </if>
      <if test="record.state != null">
        state = #{record.state,jdbcType=INTEGER},
      </if>
      <if test="record.file != null">
        file = #{record.file,jdbcType=VARCHAR},
      </if>
      <if test="record.description != null">
        description = #{record.description,jdbcType=VARCHAR},
      </if>
      <if test="record.points != null">
        points = #{record.points,jdbcType=INTEGER},
      </if>
      <if test="record.balance != null">
        balance = #{record.balance,jdbcType=DECIMAL},
      </if>
    </set>
    <if test="_parameter != null">
      <include refid="Update_By_Example_Where_Clause" />
    </if>
  </update>
  <update id="updateByExample" parameterType="map">
    update tb_member
    set id = #{record.id,jdbcType=BIGINT},
      username = #{record.username,jdbcType=VARCHAR},
      password = #{record.password,jdbcType=VARCHAR},
      phone = #{record.phone,jdbcType=VARCHAR},
      email = #{record.email,jdbcType=VARCHAR},
      created = #{record.created,jdbcType=TIMESTAMP},
      updated = #{record.updated,jdbcType=TIMESTAMP},
      sex = #{record.sex,jdbcType=VARCHAR},
      address = #{record.address,jdbcType=VARCHAR},
      state = #{record.state,jdbcType=INTEGER},
      file = #{record.file,jdbcType=VARCHAR},
      description = #{record.description,jdbcType=VARCHAR},
      points = #{record.points,jdbcType=INTEGER},
      balance = #{record.balance,jdbcType=DECIMAL}
    <if test="_parameter != null">
      <include refid="Update_By_Example_Where_Clause" />
    </if>
  </update>
  <update id="updateByPrimaryKeySelective" parameterType="com.dongnaoedu.mall.pojo.TbMember">
    update tb_member
    <set>
      <if test="username != null">
        username = #{username,jdbcType=VARCHAR},
      </if>
      <if test="password != null">
        password = #{password,jdbcType=VARCHAR},
      </if>
      <if test="phone != null">
        phone = #{phone,jdbcType=VARCHAR},
      </if>
      <if test="email != null">
        email = #{email,jdbcType=VARCHAR},
      </if>
      <if test="created != null">
        created = #{created,jdbcType=TIMESTAMP},
      </if>
      <if test="updated != null">
        updated = #{updated,jdbcType=TIMESTAMP},
      </if>
      <if test="sex != null">
        sex = #{sex,jdbcType=VARCHAR},
      </if>
      <if test="address != null">
        address = #{address,jdbcType=VARCHAR},
      </if>
      <if test="state != null">
        state = #{state,jdbcType=INTEGER},
      </if>
      <if test="file != null">
        file = #{file,jdbcType=VARCHAR},
      </if>
      <if test="description != null">
        description = #{description,jdbcType=VARCHAR},
      </if>
      <if test="points != null">
        points = #{points,jdbcType=INTEGER},
      </if>
      <if test="balance != null">
        balance = #{balance,jdbcType=DECIMAL},
      </if>
    </set>
    where id = #{id,jdbcType=BIGINT}
  </update>
  <update id="updateByPrimaryKey" parameterType="com.dongnaoedu.mall.pojo.TbMember">
    update tb_member
    set username = #{username,jdbcType=VARCHAR},
      password = #{password,jdbcType=VARCHAR},
      phone = #{phone,jdbcType=VARCHAR},
      email = #{email,jdbcType=VARCHAR},
      created = #{created,jdbcType=TIMESTAMP},
      updated = #{updated,jdbcType=TIMESTAMP},
      sex = #{sex,jdbcType=VARCHAR},
      address = #{address,jdbcType=VARCHAR},
      state = #{state,jdbcType=INTEGER},
      file = #{file,jdbcType=VARCHAR},
      description = #{description,jdbcType=VARCHAR},
      points = #{points,jdbcType=INTEGER},
      balance = #{balance,jdbcType=DECIMAL}
    where id = #{id,jdbcType=BIGINT}
  </update>
  <select id="selectByMemberInfo" parameterType="string" resultMap="BaseResultMap">
    SELECT * FROM tb_member
    WHERE
    state != 2
    AND
    (username LIKE #{search}
    OR
    phone LIKE #{search}
    OR
    email LIKE #{search}
    OR
    sex LIKE #{search}
    OR
    address LIKE #{search})
    <if test="minDate != null and minDate != '' and maxDate != null and maxDate != ''">
      AND
      created BETWEEN #{minDate} AND #{maxDate}
    </if>
    ORDER BY
    ${orderCol}
    ${orderDir}
  </select>
  <select id="selectByRemoveMemberInfo" parameterType="string" resultMap="BaseResultMap">
    SELECT * FROM tb_member
    WHERE
    state = 2
    AND
    (username LIKE #{search}
    OR
    phone LIKE #{search}
    OR
    email LIKE #{search}
    OR
    sex LIKE #{search}
    OR
    address LIKE #{search})
    <if test="minDate != null and minDate != '' and maxDate != null and maxDate != ''">
      AND
      created BETWEEN #{minDate} AND #{maxDate}
    </if>
    ORDER BY
    ${orderCol}
    ${orderDir}
  </select>
</mapper>