<?xml version="1.0" encoding="UTF-8"?>
<!DOCTYPE mapper PUBLIC "-//mybatis.org//DTD Mapper 3.0//EN" "http://mybatis.org/dtd/mybatis-3-mapper.dtd">
<mapper namespace="com.dongnaoedu.mall.mapper.TbOrderItemMapper">
  <resultMap id="BaseResultMap" type="com.dongnaoedu.mall.pojo.TbOrderItem">
    <id column="id" jdbcType="VARCHAR" property="id" />
    <result column="item_id" jdbcType="VARCHAR" property="itemId" />
    <result column="order_id" jdbcType="VARCHAR" property="orderId" />
    <result column="num" jdbcType="INTEGER" property="num" />
    <result column="title" jdbcType="VARCHAR" property="title" />
    <result column="price" jdbcType="DECIMAL" property="price" />
    <result column="total_fee" jdbcType="DECIMAL" property="totalFee" />
    <result column="pic_path" jdbcType="VARCHAR" property="picPath" />
  </resultMap>
  <sql id="Example_Where_Clause">
    <where>
      <foreach collection="oredCriteria" item="criteria" separator="or">
        <if test="criteria.valid">
          <trim prefix="(" prefixOverrides="and" suffix=")">
            <foreach collection="criteria.criteria" item="criterion">
              <choose>
                <when test="criterion.noValue">
                  and ${criterion.condition}
                </when>
                <when test="criterion.singleValue">
                  and ${criterion.condition} #{criterion.value}
                </when>
                <when test="criterion.betweenValue">
                  and ${criterion.condition} #{criterion.value} and #{criterion.secondValue}
                </when>
                <when test="criterion.listValue">
                  and ${criterion.condition}
                  <foreach close=")" collection="criterion.value" item="listItem" open="(" separator=",">
                    #{listItem}
                  </foreach>
                </when>
              </choose>
            </foreach>
          </trim>
        </if>
      </foreach>
    </where>
  </sql>
  <sql id="Update_By_Example_Where_Clause">
    <where>
      <foreach collection="example.oredCriteria" item="criteria" separator="or">
        <if test="criteria.valid">
          <trim prefix="(" prefixOverrides="and" suffix=")">
            <foreach collection="criteria.criteria" item="criterion">
              <choose>
                <when test="criterion.noValue">
                  and ${criterion.condition}
                </when>
                <when test="criterion.singleValue">
                  and ${criterion.condition} #{criterion.value}
                </when>
                <when test="criterion.betweenValue">
                  and ${criterion.condition} #{criterion.value} and #{criterion.secondValue}
                </when>
                <when test="criterion.listValue">
                  and ${criterion.condition}
                  <foreach close=")" collection="criterion.value" item="listItem" open="(" separator=",">
                    #{listItem}
                  </foreach>
                </when>
              </choose>
            </foreach>
          </trim>
        </if>
      </foreach>
    </where>
  </sql>
  <sql id="Base_Column_List">
    id, item_id, order_id, num, title, price, total_fee, pic_path
  </sql>
  <select id="selectByExample" parameterType="com.dongnaoedu.mall.pojo.TbOrderItemExample" resultMap="BaseResultMap">
    select
    <if test="distinct">
      distinct
    </if>
    <include refid="Base_Column_List" />
    from tb_order_item
    <if test="_parameter != null">
      <include refid="Example_Where_Clause" />
    </if>
    <if test="orderByClause != null">
      order by ${orderByClause}
    </if>
  </select>
  <select id="selectByPrimaryKey" parameterType="java.lang.String" resultMap="BaseResultMap">
    select 
    <include refid="Base_Column_List" />
    from tb_order_item
    where id = #{id,jdbcType=VARCHAR}
  </select>
  <delete id="deleteByPrimaryKey" parameterType="java.lang.String">
    delete from tb_order_item
    where id = #{id,jdbcType=VARCHAR}
  </delete>
  <delete id="deleteByExample" parameterType="com.dongnaoedu.mall.pojo.TbOrderItemExample">
    delete from tb_order_item
    <if test="_parameter != null">
      <include refid="Example_Where_Clause" />
    </if>
  </delete>
  <insert id="insert" parameterType="com.dongnaoedu.mall.pojo.TbOrderItem">
    insert into tb_order_item (id, item_id, order_id, 
      num, title, price, 
      total_fee, pic_path)
    values (#{id,jdbcType=VARCHAR}, #{itemId,jdbcType=VARCHAR}, #{orderId,jdbcType=VARCHAR}, 
      #{num,jdbcType=INTEGER}, #{title,jdbcType=VARCHAR}, #{price,jdbcType=DECIMAL}, 
      #{totalFee,jdbcType=DECIMAL}, #{picPath,jdbcType=VARCHAR})
  </insert>
  <insert id="insertSelective" parameterType="com.dongnaoedu.mall.pojo.TbOrderItem">
    insert into tb_order_item
    <trim prefix="(" suffix=")" suffixOverrides=",">
      <if test="id != null">
        id,
      </if>
      <if test="itemId != null">
        item_id,
      </if>
      <if test="orderId != null">
        order_id,
      </if>
      <if test="num != null">
        num,
      </if>
      <if test="title != null">
        title,
      </if>
      <if test="price != null">
        price,
      </if>
      <if test="totalFee != null">
        total_fee,
      </if>
      <if test="picPath != null">
        pic_path,
      </if>
    </trim>
    <trim prefix="values (" suffix=")" suffixOverrides=",">
      <if test="id != null">
        #{id,jdbcType=VARCHAR},
      </if>
      <if test="itemId != null">
        #{itemId,jdbcType=VARCHAR},
      </if>
      <if test="orderId != null">
        #{orderId,jdbcType=VARCHAR},
      </if>
      <if test="num != null">
        #{num,jdbcType=INTEGER},
      </if>
      <if test="title != null">
        #{title,jdbcType=VARCHAR},
      </if>
      <if test="price != null">
        #{price,jdbcType=DECIMAL},
      </if>
      <if test="totalFee != null">
        #{totalFee,jdbcType=DECIMAL},
      </if>
      <if test="picPath != null">
        #{picPath,jdbcType=VARCHAR},
      </if>
    </trim>
  </insert>
  <select id="countByExample" parameterType="com.dongnaoedu.mall.pojo.TbOrderItemExample" resultType="java.lang.Long">
    select count(*) from tb_order_item
    <if test="_parameter != null">
      <include refid="Example_Where_Clause" />
    </if>
  </select>
  <update id="updateByExampleSelective" parameterType="map">
    update tb_order_item
    <set>
      <if test="record.id != null">
        id = #{record.id,jdbcType=VARCHAR},
      </if>
      <if test="record.itemId != null">
        item_id = #{record.itemId,jdbcType=VARCHAR},
      </if>
      <if test="record.orderId != null">
        order_id = #{record.orderId,jdbcType=VARCHAR},
      </if>
      <if test="record.num != null">
        num = #{record.num,jdbcType=INTEGER},
      </if>
      <if test="record.title != null">
        title = #{record.title,jdbcType=VARCHAR},
      </if>
      <if test="record.price != null">
        price = #{record.price,jdbcType=DECIMAL},
      </if>
      <if test="record.totalFee != null">
        total_fee = #{record.totalFee,jdbcType=DECIMAL},
      </if>
      <if test="record.picPath != null">
        pic_path = #{record.picPath,jdbcType=VARCHAR},
      </if>
    </set>
    <if test="_parameter != null">
      <include refid="Update_By_Example_Where_Clause" />
    </if>
  </update>
  <update id="updateByExample" parameterType="map">
    update tb_order_item
    set id = #{record.id,jdbcType=VARCHAR},
      item_id = #{record.itemId,jdbcType=VARCHAR},
      order_id = #{record.orderId,jdbcType=VARCHAR},
      num = #{record.num,jdbcType=INTEGER},
      title = #{record.title,jdbcType=VARCHAR},
      price = #{record.price,jdbcType=DECIMAL},
      total_fee = #{record.totalFee,jdbcType=DECIMAL},
      pic_path = #{record.picPath,jdbcType=VARCHAR}
    <if test="_parameter != null">
      <include refid="Update_By_Example_Where_Clause" />
    </if>
  </update>
  <update id="updateByPrimaryKeySelective" parameterType="com.dongnaoedu.mall.pojo.TbOrderItem">
    update tb_order_item
    <set>
      <if test="itemId != null">
        item_id = #{itemId,jdbcType=VARCHAR},
      </if>
      <if test="orderId != null">
        order_id = #{orderId,jdbcType=VARCHAR},
      </if>
      <if test="num != null">
        num = #{num,jdbcType=INTEGER},
      </if>
      <if test="title != null">
        title = #{title,jdbcType=VARCHAR},
      </if>
      <if test="price != null">
        price = #{price,jdbcType=DECIMAL},
      </if>
      <if test="totalFee != null">
        total_fee = #{totalFee,jdbcType=DECIMAL},
      </if>
      <if test="picPath != null">
        pic_path = #{picPath,jdbcType=VARCHAR},
      </if>
    </set>
    where id = #{id,jdbcType=VARCHAR}
  </update>
  <update id="updateByPrimaryKey" parameterType="com.dongnaoedu.mall.pojo.TbOrderItem">
    update tb_order_item
    set item_id = #{itemId,jdbcType=VARCHAR},
      order_id = #{orderId,jdbcType=VARCHAR},
      num = #{num,jdbcType=INTEGER},
      title = #{title,jdbcType=VARCHAR},
      price = #{price,jdbcType=DECIMAL},
      total_fee = #{totalFee,jdbcType=DECIMAL},
      pic_path = #{picPath,jdbcType=VARCHAR}
    where id = #{id,jdbcType=VARCHAR}
  </update>
	<select id="getWeekHot" resultType="com.dongnaoedu.mall.pojo.TbOrderItem">
		SELECT
		i.title title,
		i.pic_path picPath,
		count(*) total
		FROM
		tb_order_item i
		LEFT JOIN tb_order o ON i.order_id = o.order_id
		WHERE
		YEARWEEK(date_format(o.create_time,'%Y-%m-%d')) = YEARWEEK(now())
		AND
		o.status = 4
		GROUP BY
		i.item_id , i.title , i.pic_path
		ORDER BY
		COUNT(*) DESC
	</select>
</mapper>