<?xml version="1.0" encoding="UTF-8"?>
<!DOCTYPE mapper PUBLIC "-//mybatis.org//DTD Mapper 3.0//EN" "http://mybatis.org/dtd/mybatis-3-mapper.dtd">
<mapper namespace="com.dongnaoedu.mall.mapper.TbUserMapper">
  <resultMap id="BaseResultMap" type="com.dongnaoedu.mall.pojo.TbUser">
    <id column="id" jdbcType="BIGINT" property="id" />
    <result column="username" jdbcType="VARCHAR" property="username" />
    <result column="password" jdbcType="VARCHAR" property="password" />
    <result column="phone" jdbcType="VARCHAR" property="phone" />
    <result column="email" jdbcType="VARCHAR" property="email" />
    <result column="created" jdbcType="TIMESTAMP" property="created" />
    <result column="updated" jdbcType="TIMESTAMP" property="updated" />
    <result column="sex" jdbcType="VARCHAR" property="sex" />
    <result column="address" jdbcType="VARCHAR" property="address" />
    <result column="state" jdbcType="INTEGER" property="state" />
    <result column="description" jdbcType="VARCHAR" property="description" />
    <result column="role_id" jdbcType="INTEGER" property="roleId" />
    <result column="file" jdbcType="VARCHAR" property="file" />
  </resultMap>
  <sql id="Example_Where_Clause">
    <where>
      <foreach collection="oredCriteria" item="criteria" separator="or">
        <if test="criteria.valid">
          <trim prefix="(" prefixOverrides="and" suffix=")">
            <foreach collection="criteria.criteria" item="criterion">
              <choose>
                <when test="criterion.noValue">
                  and ${criterion.condition}
                </when>
                <when test="criterion.singleValue">
                  and ${criterion.condition} #{criterion.value}
                </when>
                <when test="criterion.betweenValue">
                  and ${criterion.condition} #{criterion.value} and #{criterion.secondValue}
                </when>
                <when test="criterion.listValue">
                  and ${criterion.condition}
                  <foreach close=")" collection="criterion.value" item="listItem" open="(" separator=",">
                    #{listItem}
                  </foreach>
                </when>
              </choose>
            </foreach>
          </trim>
        </if>
      </foreach>
    </where>
  </sql>
  <sql id="Update_By_Example_Where_Clause">
    <where>
      <foreach collection="example.oredCriteria" item="criteria" separator="or">
        <if test="criteria.valid">
          <trim prefix="(" prefixOverrides="and" suffix=")">
            <foreach collection="criteria.criteria" item="criterion">
              <choose>
                <when test="criterion.noValue">
                  and ${criterion.condition}
                </when>
                <when test="criterion.singleValue">
                  and ${criterion.condition} #{criterion.value}
                </when>
                <when test="criterion.betweenValue">
                  and ${criterion.condition} #{criterion.value} and #{criterion.secondValue}
                </when>
                <when test="criterion.listValue">
                  and ${criterion.condition}
                  <foreach close=")" collection="criterion.value" item="listItem" open="(" separator=",">
                    #{listItem}
                  </foreach>
                </when>
              </choose>
            </foreach>
          </trim>
        </if>
      </foreach>
    </where>
  </sql>
  <sql id="Base_Column_List">
    id, username, password, phone, email, created, updated, sex, address, state, description, 
    role_id, file
  </sql>
  <select id="selectByExample" parameterType="com.dongnaoedu.mall.pojo.TbUserExample" resultMap="BaseResultMap">
    select
    <if test="distinct">
      distinct
    </if>
    <include refid="Base_Column_List" />
    from tb_user
    <if test="_parameter != null">
      <include refid="Example_Where_Clause" />
    </if>
    <if test="orderByClause != null">
      order by ${orderByClause}
    </if>
  </select>
  <select id="selectByPrimaryKey" parameterType="java.lang.Long" resultMap="BaseResultMap">
    select 
    <include refid="Base_Column_List" />
    from tb_user
    where id = #{id,jdbcType=BIGINT}
  </select>
  <delete id="deleteByPrimaryKey" parameterType="java.lang.Long">
    delete from tb_user
    where id = #{id,jdbcType=BIGINT}
  </delete>
  <delete id="deleteByExample" parameterType="com.dongnaoedu.mall.pojo.TbUserExample">
    delete from tb_user
    <if test="_parameter != null">
      <include refid="Example_Where_Clause" />
    </if>
  </delete>
  <insert id="insert" parameterType="com.dongnaoedu.mall.pojo.TbUser">
    insert into tb_user (id, username, password, 
      phone, email, created, 
      updated, sex, address, 
      state, description, role_id, 
      file)
    values (#{id,jdbcType=BIGINT}, #{username,jdbcType=VARCHAR}, #{password,jdbcType=VARCHAR}, 
      #{phone,jdbcType=VARCHAR}, #{email,jdbcType=VARCHAR}, #{created,jdbcType=TIMESTAMP}, 
      #{updated,jdbcType=TIMESTAMP}, #{sex,jdbcType=VARCHAR}, #{address,jdbcType=VARCHAR}, 
      #{state,jdbcType=INTEGER}, #{description,jdbcType=VARCHAR}, #{roleId,jdbcType=INTEGER}, 
      #{file,jdbcType=VARCHAR})
  </insert>
  <insert id="insertSelective" parameterType="com.dongnaoedu.mall.pojo.TbUser">
    insert into tb_user
    <trim prefix="(" suffix=")" suffixOverrides=",">
      <if test="id != null">
        id,
      </if>
      <if test="username != null">
        username,
      </if>
      <if test="password != null">
        password,
      </if>
      <if test="phone != null">
        phone,
      </if>
      <if test="email != null">
        email,
      </if>
      <if test="created != null">
        created,
      </if>
      <if test="updated != null">
        updated,
      </if>
      <if test="sex != null">
        sex,
      </if>
      <if test="address != null">
        address,
      </if>
      <if test="state != null">
        state,
      </if>
      <if test="description != null">
        description,
      </if>
      <if test="roleId != null">
        role_id,
      </if>
      <if test="file != null">
        file,
      </if>
    </trim>
    <trim prefix="values (" suffix=")" suffixOverrides=",">
      <if test="id != null">
        #{id,jdbcType=BIGINT},
      </if>
      <if test="username != null">
        #{username,jdbcType=VARCHAR},
      </if>
      <if test="password != null">
        #{password,jdbcType=VARCHAR},
      </if>
      <if test="phone != null">
        #{phone,jdbcType=VARCHAR},
      </if>
      <if test="email != null">
        #{email,jdbcType=VARCHAR},
      </if>
      <if test="created != null">
        #{created,jdbcType=TIMESTAMP},
      </if>
      <if test="updated != null">
        #{updated,jdbcType=TIMESTAMP},
      </if>
      <if test="sex != null">
        #{sex,jdbcType=VARCHAR},
      </if>
      <if test="address != null">
        #{address,jdbcType=VARCHAR},
      </if>
      <if test="state != null">
        #{state,jdbcType=INTEGER},
      </if>
      <if test="description != null">
        #{description,jdbcType=VARCHAR},
      </if>
      <if test="roleId != null">
        #{roleId,jdbcType=INTEGER},
      </if>
      <if test="file != null">
        #{file,jdbcType=VARCHAR},
      </if>
    </trim>
  </insert>
  <select id="countByExample" parameterType="com.dongnaoedu.mall.pojo.TbUserExample" resultType="java.lang.Long">
    select count(*) from tb_user
    <if test="_parameter != null">
      <include refid="Example_Where_Clause" />
    </if>
  </select>
  <update id="updateByExampleSelective" parameterType="map">
    update tb_user
    <set>
      <if test="record.id != null">
        id = #{record.id,jdbcType=BIGINT},
      </if>
      <if test="record.username != null">
        username = #{record.username,jdbcType=VARCHAR},
      </if>
      <if test="record.password != null">
        password = #{record.password,jdbcType=VARCHAR},
      </if>
      <if test="record.phone != null">
        phone = #{record.phone,jdbcType=VARCHAR},
      </if>
      <if test="record.email != null">
        email = #{record.email,jdbcType=VARCHAR},
      </if>
      <if test="record.created != null">
        created = #{record.created,jdbcType=TIMESTAMP},
      </if>
      <if test="record.updated != null">
        updated = #{record.updated,jdbcType=TIMESTAMP},
      </if>
      <if test="record.sex != null">
        sex = #{record.sex,jdbcType=VARCHAR},
      </if>
      <if test="record.address != null">
        address = #{record.address,jdbcType=VARCHAR},
      </if>
      <if test="record.state != null">
        state = #{record.state,jdbcType=INTEGER},
      </if>
      <if test="record.description != null">
        description = #{record.description,jdbcType=VARCHAR},
      </if>
      <if test="record.roleId != null">
        role_id = #{record.roleId,jdbcType=INTEGER},
      </if>
      <if test="record.file != null">
        file = #{record.file,jdbcType=VARCHAR},
      </if>
    </set>
    <if test="_parameter != null">
      <include refid="Update_By_Example_Where_Clause" />
    </if>
  </update>
  <update id="updateByExample" parameterType="map">
    update tb_user
    set id = #{record.id,jdbcType=BIGINT},
      username = #{record.username,jdbcType=VARCHAR},
      password = #{record.password,jdbcType=VARCHAR},
      phone = #{record.phone,jdbcType=VARCHAR},
      email = #{record.email,jdbcType=VARCHAR},
      created = #{record.created,jdbcType=TIMESTAMP},
      updated = #{record.updated,jdbcType=TIMESTAMP},
      sex = #{record.sex,jdbcType=VARCHAR},
      address = #{record.address,jdbcType=VARCHAR},
      state = #{record.state,jdbcType=INTEGER},
      description = #{record.description,jdbcType=VARCHAR},
      role_id = #{record.roleId,jdbcType=INTEGER},
      file = #{record.file,jdbcType=VARCHAR}
    <if test="_parameter != null">
      <include refid="Update_By_Example_Where_Clause" />
    </if>
  </update>
  <update id="updateByPrimaryKeySelective" parameterType="com.dongnaoedu.mall.pojo.TbUser">
    update tb_user
    <set>
      <if test="username != null">
        username = #{username,jdbcType=VARCHAR},
      </if>
      <if test="password != null">
        password = #{password,jdbcType=VARCHAR},
      </if>
      <if test="phone != null">
        phone = #{phone,jdbcType=VARCHAR},
      </if>
      <if test="email != null">
        email = #{email,jdbcType=VARCHAR},
      </if>
      <if test="created != null">
        created = #{created,jdbcType=TIMESTAMP},
      </if>
      <if test="updated != null">
        updated = #{updated,jdbcType=TIMESTAMP},
      </if>
      <if test="sex != null">
        sex = #{sex,jdbcType=VARCHAR},
      </if>
      <if test="address != null">
        address = #{address,jdbcType=VARCHAR},
      </if>
      <if test="state != null">
        state = #{state,jdbcType=INTEGER},
      </if>
      <if test="description != null">
        description = #{description,jdbcType=VARCHAR},
      </if>
      <if test="roleId != null">
        role_id = #{roleId,jdbcType=INTEGER},
      </if>
      <if test="file != null">
        file = #{file,jdbcType=VARCHAR},
      </if>
    </set>
    where id = #{id,jdbcType=BIGINT}
  </update>
  <update id="updateByPrimaryKey" parameterType="com.dongnaoedu.mall.pojo.TbUser">
    update tb_user
    set username = #{username,jdbcType=VARCHAR},
      password = #{password,jdbcType=VARCHAR},
      phone = #{phone,jdbcType=VARCHAR},
      email = #{email,jdbcType=VARCHAR},
      created = #{created,jdbcType=TIMESTAMP},
      updated = #{updated,jdbcType=TIMESTAMP},
      sex = #{sex,jdbcType=VARCHAR},
      address = #{address,jdbcType=VARCHAR},
      state = #{state,jdbcType=INTEGER},
      description = #{description,jdbcType=VARCHAR},
      role_id = #{roleId,jdbcType=INTEGER},
      file = #{file,jdbcType=VARCHAR}
    where id = #{id,jdbcType=BIGINT}
  </update>
  <select id="getRoles" resultType="String">
    SELECT
	r. NAME
    FROM
	tb_user u
    JOIN tb_role r ON u.role_id = r.id
    WHERE
	u.username = #{username}
  </select>
  <select id="getPermissions" resultType="String">
    SELECT
	p.permission
    FROM
	tb_user u
    JOIN tb_role r ON u.role_id = r.id
    JOIN tb_role_perm rp ON rp.role_id = u.role_id
	JOIN tb_permission p ON rp.permission_id = p.id
    WHERE
	u.username = #{username}
  </select>
  <select id="getPermsByRoleId" resultType="String">
    SELECT
    p.name
    FROM
	tb_role r
    JOIN tb_role_perm rp ON rp.role_id = r.id
    JOIN tb_permission p ON rp.permission_id = p.id
    WHERE
    r.id = #{id}
  </select>
</mapper>