<?xml version="1.0" encoding="UTF-8"?>
<beans xmlns="http://www.springframework.org/schema/beans"
       xmlns:context="http://www.springframework.org/schema/context"
       xmlns:xsi="http://www.w3.org/2001/XMLSchema-instance"
       xsi:schemaLocation="http://www.springframework.org/schema/beans http://www.springframework.org/schema/beans/spring-beans-4.2.xsd
	http://www.springframework.org/schema/context http://www.springframework.org/schema/context/spring-context-4.2.xsd">

    <!-- 数据库连接池 -->
    <!-- 加载配置文件 -->
    <context:property-placeholder location="classpath:conf/*.properties" />
    
    <!-- druid数据库连接池 -->
	<bean id="dataSource" class="com.alibaba.druid.pool.DruidDataSource"
		destroy-method="close">
		<!-- 数据库基本信息配置 -->
		<property name="url" value="${jdbc.url}" />
		<property name="username" value="${jdbc.username}" />
		<property name="password" value="${jdbc.password}" />
		<property name="driverClassName" value="${jdbc.driver}" />
		<property name="filters" value="${filters}" />
		<!-- 最大并发连接数 -->
		<property name="maxActive" value="${maxActive}" />
		<!-- 初始化连接数量 -->
		<property name="initialSize" value="${initialSize}" />
		<!-- 配置获取连接等待超时的时间 -->
		<property name="maxWait" value="${maxWait}" />
		<!-- 最小空闲连接数 -->
		<property name="minIdle" value="${minIdle}" />
		<!-- 配置间隔多久才进行一次检测，检测需要关闭的空闲连接，单位是毫秒 -->
		<property name="timeBetweenEvictionRunsMillis" value="${timeBetweenEvictionRunsMillis}" />
		<!-- 配置一个连接在池中最小生存的时间，单位是毫秒 -->
		<property name="minEvictableIdleTimeMillis" value="${minEvictableIdleTimeMillis}" />
		<property name="validationQuery" value="${validationQuery}" />
		<property name="testWhileIdle" value="${testWhileIdle}" />
		<property name="testOnBorrow" value="${testOnBorrow}" />
		<property name="testOnReturn" value="${testOnReturn}" />
		<property name="maxOpenPreparedStatements" value="${maxOpenPreparedStatements}" />
		<!-- 打开 removeAbandoned 功能 -->
		<property name="removeAbandoned" value="${removeAbandoned}" />
		<!-- 1800 秒，也就是 30 分钟 -->
		<property name="removeAbandonedTimeout" value="${removeAbandonedTimeout}" />
		<!-- 关闭 abanded 连接时输出错误日志 -->
		<property name="logAbandoned" value="${logAbandoned}" />
	</bean>
    
    <!-- 让Spring管理sqlSessionFactory 使用Mybatis和Spring整合包中的 -->
    <bean id="sqlSessionFactory" class="org.mybatis.spring.SqlSessionFactoryBean">
        <!-- 数据库连接池 -->
        <property name="dataSource" ref="dataSource" />
        <!-- 加载Mybatis全局配置文件 -->
        <property name="configLocation" value="classpath:mybatis/SqlMapConfig.xml" />
    </bean>
    <bean class="org.mybatis.spring.mapper.MapperScannerConfigurer">
        <property name="basePackage" value="com.dongnaoedu.mall.mapper" />
    </bean>
</beans>