<?xml version="1.0" encoding="UTF-8"?>
<beans xmlns="http://www.springframework.org/schema/beans"
       xmlns:xsi="http://www.w3.org/2001/XMLSchema-instance"
       xmlns:context="http://www.springframework.org/schema/context"
       xmlns:mvc="http://www.springframework.org/schema/mvc"
       xsi:schemaLocation="http://www.springframework.org/schema/beans http://www.springframework.org/schema/beans/spring-beans-4.2.xsd
    http://www.springframework.org/schema/mvc http://www.springframework.org/schema/mvc/spring-mvc-4.2.xsd
    http://www.springframework.org/schema/context http://www.springframework.org/schema/context/spring-context-4.2.xsd">
	
    <context:component-scan base-package="com.dongnaoedu.mall.controller" />

    <!--SpringMVC视图解析器-->
    <bean class="org.springframework.web.servlet.view.InternalResourceViewResolver">
        <property name="prefix" value="/WEB-INF/jsp/" />
        <property name="suffix" value=".jsp" />
    </bean>

    <!-- 配置多媒体解析器 -->
    <!-- 定义文件上传解析器 -->
    <bean id="multipartResolver" class="org.springframework.web.multipart.commons.CommonsMultipartResolver">
        <!-- 设定默认编码 -->
        <property name="defaultEncoding" value="UTF-8"></property>
        <!-- 设定文件上传的最大值5MB，5*1024*1024 -->
        <property name="maxUploadSize" value="5242880"></property>
    </bean>

    <!--配置资源映射-->
    <mvc:resources mapping="/lib/**" location="/lib/"/>
    <mvc:resources mapping="/static/**" location="/static/"/>
    <mvc:resources mapping="/temp/**" location="/temp/"/>
    <mvc:resources mapping="/icon/**" location="/icon/"/>
    <mvc:resources mapping="/upload/**" location="/upload/"/>

	<!-- swagger -->
	<mvc:resources mapping="swagger-ui.html" location="classpath:/META-INF/resources/" />
	<mvc:resources mapping="/webjars/**" location="classpath:/META-INF/resources/webjars/" /> 
	
	<!-- 使用 Swagger Restful API文档时，添加此注解
	<mvc:default-servlet-handler />
	<mvc:annotation-driven/>
	或者
	<bean id="swagger2Config" class="com.dongnaoedu.mall.common.swagger.Swagger2Config" />
	<mvc:default-servlet-handler />
	<mvc:resources mapping="swagger-ui.html" location="classpath:/META-INF/resources/" />
	<mvc:resources mapping="/webjars/**" location="classpath:/META-INF/resources/webjars/" /> 
	 -->

</beans>
