<?xml version="1.0" encoding="UTF-8"?>
<!-- 从高到地低 OFF - FATAL - ERROR - WARN - INFO - DEBUG - TRACE - ALL -->
<configuration scan="true" scanPeriod="60 seconds" debug="false">
	<!-- contextName元素来设置日志的名称。在有系统有多套日志系统或者多个系统向同一个数据库中存储日志时，这一点很重要 -->
	<contextName>content-service</contextName>
	<property name="logback.logdir" value="logs" />
	<property name="logback.appname" value="content-service" />
	
	<!-- 输出到控制台 -->
    <appender name="console" class="ch.qos.logback.core.ConsoleAppender">
    	<!-- 如果只是想要 Error 级别的日志，那么需要过滤一下，默认是 info 级别的，ThresholdFilter
	    <filter class="ch.qos.logback.classic.filter.ThresholdFilter">
	        <level>Error</level>
	    </filter> -->
		<!--日志输出编码格式化-->
	    <encoder>
	        <charset>UTF-8</charset>
	        <pattern>%d{HH:mm:ss.SSS} [%thread] %-5level %logger{36} - %msg%n</pattern>
	    </encoder>
    </appender>
    
	<appender name="fileInfoLog" class="ch.qos.logback.core.rolling.RollingFileAppender">
	    <!-- 如果只是想要 Info 级别的日志，只是过滤 info 还是会输出 Error 日志，因为 Error 的级别高，所以我们使用下面的策略，可以避免输出 Error 的日志 -->
	    <filter class="ch.qos.logback.classic.filter.LevelFilter">
	        <!-- 过滤 Error -->
	        <level>ERROR</level>
	        <!-- 匹配到就禁止 -->
	        <onMatch>DENY</onMatch>
	        <!-- 没有匹配到就允许 -->
	        <onMismatch>ACCEPT</onMismatch>
	    </filter>
	    <!-- 日志名称，如果没有File 属性，那么只会使用FileNamePattern的文件路径规则；如果同时有<File>和<FileNamePattern>，
	    	那么当天日志是<File>，明天会自动把今天的日志改名为今天的日期。即，<File> 的日志都是当天的。 -->
	    <File>${logback.logdir}/info.${logback.appname}.log</File>
	    <!-- 滚动策略，按照时间滚动 TimeBasedRollingPolicy -->
	    <rollingPolicy class="ch.qos.logback.core.rolling.TimeBasedRollingPolicy">
	        <!-- 文件路径,定义了日志的切分方式——把每一天的日志归档到一个文件中,以防止日志填满整个磁盘空间 -->
	        <FileNamePattern>${logback.logdir}/info.${logback.appname}.%d{yyyy-MM-dd}.log</FileNamePattern>
	        <!-- 只保留最近90天的日志 -->
	        <maxHistory>90</maxHistory>
	        <!-- 用来指定日志文件的上限大小，那么到了这个值，就会删除旧的日志 -->
	        <!-- <totalSizeCap>1GB</totalSizeCap> -->
	    </rollingPolicy>
	    <!--日志输出编码格式化-->
	    <encoder>
	        <charset>UTF-8</charset>
	        <pattern>%d [%thread] %-5level %logger{36} %line - %msg%n</pattern>
	    </encoder>
	</appender>
	
	<appender name="fileErrorLog" class="ch.qos.logback.core.rolling.RollingFileAppender">
	    <!-- 如果只是想要 Error 级别的日志，那么需要过滤一下，默认是 info 级别的，ThresholdFilter -->
	    <filter class="ch.qos.logback.classic.filter.ThresholdFilter">
	        <level>Error</level>
	    </filter>
	    <!-- 日志名称，如果没有File 属性，那么只会使用FileNamePattern的文件路径规则;如果同时有<File>和<FileNamePattern>，
	    	那么当天日志是<File>，明天会自动把今天的日志改名为今天的日期。即，<File> 的日志都是当天的。 -->
	    <File>${logback.logdir}/error.${logback.appname}.log</File>
	    <!-- 滚动策略，按照时间滚动 TimeBasedRollingPolicy -->
	    <rollingPolicy class="ch.qos.logback.core.rolling.TimeBasedRollingPolicy">
	        <!-- 文件路径,定义了日志的切分方式——把每一天的日志归档到一个文件中,以防止日志填满整个磁盘空间 -->
	        <FileNamePattern>${logback.logdir}/error.${logback.appname}.%d{yyyy-MM-dd}.log</FileNamePattern>
	        <!-- 只保留最近90天的日志 -->
	        <maxHistory>90</maxHistory>
	        <!-- 用来指定日志文件的上限大小，那么到了这个值，就会删除旧的日志 -->
	        <!-- <totalSizeCap>1GB</totalSizeCap> -->
	    </rollingPolicy>
	    <!-- 日志输出编码格式化 -->
	    <encoder>
	        <charset>UTF-8</charset>
	        <pattern>%d [%thread] %-5level %logger{36} %line - %msg%n</pattern>
	    </encoder>
	    
	</appender>

	<!-- 指定root的级别 -->
    <root level="info">
    	<appender-ref ref="console" />
        <appender-ref ref="fileInfoLog" />
        <appender-ref ref="fileErrorLog" />
    </root>
    
    <!-- 指定类或者包的输出级别 -->
    <logger name="com.dongnaoedu.mall.manager.mapper" level="debug" additivity="false">
    	<appender-ref ref="console" />
    </logger>
    <logger name="com.dudu.controller.LearnController" level="WARN" additivity="false">
        <appender-ref ref="console"/>
    </logger>
    
</configuration>