<?xml version="1.0" encoding="UTF-8"?>
<beans xmlns="http://www.springframework.org/schema/beans"
       xmlns:context="http://www.springframework.org/schema/context"
       xmlns:dubbo="http://code.alibabatech.com/schema/dubbo"
       xmlns:xsi="http://www.w3.org/2001/XMLSchema-instance"
       xsi:schemaLocation="http://www.springframework.org/schema/beans http://www.springframework.org/schema/beans/spring-beans.xsd
        http://code.alibabatech.com/schema/dubbo http://code.alibabatech.com/schema/dubbo/dubbo.xsd
        http://www.springframework.org/schema/context http://www.springframework.org/schema/context/spring-context.xsd">

    <!-- 增加引用远程服务配置 可以和本地bean一样使用service -->
    <dubbo:reference interface="com.dongnaoedu.mall.manager.service.ItemService" id="itemService" check="false" />
    <dubbo:reference interface="com.dongnaoedu.mall.manager.service.MemberService" id="memberService" check="false" />
    <dubbo:reference interface="com.dongnaoedu.mall.manager.service.ItemCatService" id="itemCatService" check="false" />
    <dubbo:reference interface="com.dongnaoedu.mall.manager.service.UserService" id="userService" check="false" />
    <dubbo:reference interface="com.dongnaoedu.mall.manager.service.OrderService" id="orderService" check="false" />
    <dubbo:reference interface="com.dongnaoedu.mall.manager.service.ThanksService" id="thanksService" check="false" />
    <dubbo:reference interface="com.dongnaoedu.mall.manager.service.SystemService" id="systemService" check="false" />
    <dubbo:reference interface="com.dongnaoedu.mall.content.service.ContentService" id="contentService" check="false" />
    <dubbo:reference interface="com.dongnaoedu.mall.content.service.PanelService" id="panelService" check="false" />
    <dubbo:reference interface="com.dongnaoedu.mall.search.service.SearchItemService" id="searchItemService" check="false" />
    <dubbo:reference interface="com.dongnaoedu.mall.manager.service.DictService" id="dictService" check="false" />
    <dubbo:reference interface="com.dongnaoedu.mall.manager.service.ExpressService" id="expressService" check="false" />
    <dubbo:reference interface="com.dongnaoedu.mall.manager.service.CountService" id="countService" check="false" />

</beans>