<?xml version="1.0" encoding="UTF-8"?>
<!DOCTYPE mapper PUBLIC "-//mybatis.org//DTD Mapper 3.0//EN" "http://mybatis.org/dtd/mybatis-3-mapper.dtd">
<mapper namespace="com.dongnaoedu.mall.mapper.TbThanksMapper">
  <resultMap id="BaseResultMap" type="com.dongnaoedu.mall.pojo.TbThanks">
    <id column="id" jdbcType="INTEGER" property="id" />
    <result column="nick_name" jdbcType="VARCHAR" property="nickName" />
    <result column="username" jdbcType="VARCHAR" property="username" />
    <result column="money" jdbcType="DECIMAL" property="money" />
    <result column="info" jdbcType="VARCHAR" property="info" />
    <result column="date" jdbcType="TIMESTAMP" property="date" />
    <result column="email" jdbcType="VARCHAR" property="email" />
    <result column="state" jdbcType="INTEGER" property="state" />
    <result column="pay_type" jdbcType="VARCHAR" property="payType" />
    <result column="order_id" jdbcType="VARCHAR" property="orderId" />
  </resultMap>
  <sql id="Example_Where_Clause">
    <where>
      <foreach collection="oredCriteria" item="criteria" separator="or">
        <if test="criteria.valid">
          <trim prefix="(" prefixOverrides="and" suffix=")">
            <foreach collection="criteria.criteria" item="criterion">
              <choose>
                <when test="criterion.noValue">
                  and ${criterion.condition}
                </when>
                <when test="criterion.singleValue">
                  and ${criterion.condition} #{criterion.value}
                </when>
                <when test="criterion.betweenValue">
                  and ${criterion.condition} #{criterion.value} and #{criterion.secondValue}
                </when>
                <when test="criterion.listValue">
                  and ${criterion.condition}
                  <foreach close=")" collection="criterion.value" item="listItem" open="(" separator=",">
                    #{listItem}
                  </foreach>
                </when>
              </choose>
            </foreach>
          </trim>
        </if>
      </foreach>
    </where>
  </sql>
  <sql id="Update_By_Example_Where_Clause">
    <where>
      <foreach collection="example.oredCriteria" item="criteria" separator="or">
        <if test="criteria.valid">
          <trim prefix="(" prefixOverrides="and" suffix=")">
            <foreach collection="criteria.criteria" item="criterion">
              <choose>
                <when test="criterion.noValue">
                  and ${criterion.condition}
                </when>
                <when test="criterion.singleValue">
                  and ${criterion.condition} #{criterion.value}
                </when>
                <when test="criterion.betweenValue">
                  and ${criterion.condition} #{criterion.value} and #{criterion.secondValue}
                </when>
                <when test="criterion.listValue">
                  and ${criterion.condition}
                  <foreach close=")" collection="criterion.value" item="listItem" open="(" separator=",">
                    #{listItem}
                  </foreach>
                </when>
              </choose>
            </foreach>
          </trim>
        </if>
      </foreach>
    </where>
  </sql>
  <sql id="Base_Column_List">
    id, nick_name, username, money, info, date, email, state, pay_type, order_id
  </sql>
  <select id="selectByExample" parameterType="com.dongnaoedu.mall.pojo.TbThanksExample" resultMap="BaseResultMap">
    select
    <if test="distinct">
      distinct
    </if>
    <include refid="Base_Column_List" />
    from tb_thanks
    <if test="_parameter != null">
      <include refid="Example_Where_Clause" />
    </if>
    <if test="orderByClause != null">
      order by ${orderByClause}
    </if>
  </select>
  <select id="selectByPrimaryKey" parameterType="java.lang.Integer" resultMap="BaseResultMap">
    select 
    <include refid="Base_Column_List" />
    from tb_thanks
    where id = #{id,jdbcType=INTEGER}
  </select>
  <delete id="deleteByPrimaryKey" parameterType="java.lang.Integer">
    delete from tb_thanks
    where id = #{id,jdbcType=INTEGER}
  </delete>
  <delete id="deleteByExample" parameterType="com.dongnaoedu.mall.pojo.TbThanksExample">
    delete from tb_thanks
    <if test="_parameter != null">
      <include refid="Example_Where_Clause" />
    </if>
  </delete>
  <insert id="insert" parameterType="com.dongnaoedu.mall.pojo.TbThanks" useGeneratedKeys="true" keyProperty="id">
    insert into tb_thanks (id, nick_name, username, 
      money, info, date, 
      email, state, pay_type, 
      order_id)
    values (#{id,jdbcType=INTEGER}, #{nickName,jdbcType=VARCHAR}, #{username,jdbcType=VARCHAR}, 
      #{money,jdbcType=DECIMAL}, #{info,jdbcType=VARCHAR}, #{date,jdbcType=TIMESTAMP}, 
      #{email,jdbcType=VARCHAR}, #{state,jdbcType=INTEGER}, #{payType,jdbcType=VARCHAR}, 
      #{orderId,jdbcType=VARCHAR})
  </insert>
  <insert id="insertSelective" parameterType="com.dongnaoedu.mall.pojo.TbThanks">
    insert into tb_thanks
    <trim prefix="(" suffix=")" suffixOverrides=",">
      <if test="id != null">
        id,
      </if>
      <if test="nickName != null">
        nick_name,
      </if>
      <if test="username != null">
        username,
      </if>
      <if test="money != null">
        money,
      </if>
      <if test="info != null">
        info,
      </if>
      <if test="date != null">
        date,
      </if>
      <if test="email != null">
        email,
      </if>
      <if test="state != null">
        state,
      </if>
      <if test="payType != null">
        pay_type,
      </if>
      <if test="orderId != null">
        order_id,
      </if>
    </trim>
    <trim prefix="values (" suffix=")" suffixOverrides=",">
      <if test="id != null">
        #{id,jdbcType=INTEGER},
      </if>
      <if test="nickName != null">
        #{nickName,jdbcType=VARCHAR},
      </if>
      <if test="username != null">
        #{username,jdbcType=VARCHAR},
      </if>
      <if test="money != null">
        #{money,jdbcType=DECIMAL},
      </if>
      <if test="info != null">
        #{info,jdbcType=VARCHAR},
      </if>
      <if test="date != null">
        #{date,jdbcType=TIMESTAMP},
      </if>
      <if test="email != null">
        #{email,jdbcType=VARCHAR},
      </if>
      <if test="state != null">
        #{state,jdbcType=INTEGER},
      </if>
      <if test="payType != null">
        #{payType,jdbcType=VARCHAR},
      </if>
      <if test="orderId != null">
        #{orderId,jdbcType=VARCHAR},
      </if>
    </trim>
  </insert>
  <select id="countByExample" parameterType="com.dongnaoedu.mall.pojo.TbThanksExample" resultType="java.lang.Long">
    select count(*) from tb_thanks
    <if test="_parameter != null">
      <include refid="Example_Where_Clause" />
    </if>
  </select>
  <update id="updateByExampleSelective" parameterType="map">
    update tb_thanks
    <set>
      <if test="record.id != null">
        id = #{record.id,jdbcType=INTEGER},
      </if>
      <if test="record.nickName != null">
        nick_name = #{record.nickName,jdbcType=VARCHAR},
      </if>
      <if test="record.username != null">
        username = #{record.username,jdbcType=VARCHAR},
      </if>
      <if test="record.money != null">
        money = #{record.money,jdbcType=DECIMAL},
      </if>
      <if test="record.info != null">
        info = #{record.info,jdbcType=VARCHAR},
      </if>
      <if test="record.date != null">
        date = #{record.date,jdbcType=TIMESTAMP},
      </if>
      <if test="record.email != null">
        email = #{record.email,jdbcType=VARCHAR},
      </if>
      <if test="record.state != null">
        state = #{record.state,jdbcType=INTEGER},
      </if>
      <if test="record.payType != null">
        pay_type = #{record.payType,jdbcType=VARCHAR},
      </if>
      <if test="record.orderId != null">
        order_id = #{record.orderId,jdbcType=VARCHAR},
      </if>
    </set>
    <if test="_parameter != null">
      <include refid="Update_By_Example_Where_Clause" />
    </if>
  </update>
  <update id="updateByExample" parameterType="map">
    update tb_thanks
    set id = #{record.id,jdbcType=INTEGER},
      nick_name = #{record.nickName,jdbcType=VARCHAR},
      username = #{record.username,jdbcType=VARCHAR},
      money = #{record.money,jdbcType=DECIMAL},
      info = #{record.info,jdbcType=VARCHAR},
      date = #{record.date,jdbcType=TIMESTAMP},
      email = #{record.email,jdbcType=VARCHAR},
      state = #{record.state,jdbcType=INTEGER},
      pay_type = #{record.payType,jdbcType=VARCHAR},
      order_id = #{record.orderId,jdbcType=VARCHAR}
    <if test="_parameter != null">
      <include refid="Update_By_Example_Where_Clause" />
    </if>
  </update>
  <update id="updateByPrimaryKeySelective" parameterType="com.dongnaoedu.mall.pojo.TbThanks">
    update tb_thanks
    <set>
      <if test="nickName != null">
        nick_name = #{nickName,jdbcType=VARCHAR},
      </if>
      <if test="username != null">
        username = #{username,jdbcType=VARCHAR},
      </if>
      <if test="money != null">
        money = #{money,jdbcType=DECIMAL},
      </if>
      <if test="info != null">
        info = #{info,jdbcType=VARCHAR},
      </if>
      <if test="date != null">
        date = #{date,jdbcType=TIMESTAMP},
      </if>
      <if test="email != null">
        email = #{email,jdbcType=VARCHAR},
      </if>
      <if test="state != null">
        state = #{state,jdbcType=INTEGER},
      </if>
      <if test="payType != null">
        pay_type = #{payType,jdbcType=VARCHAR},
      </if>
      <if test="orderId != null">
        order_id = #{orderId,jdbcType=VARCHAR},
      </if>
    </set>
    where id = #{id,jdbcType=INTEGER}
  </update>
  <update id="updateByPrimaryKey" parameterType="com.dongnaoedu.mall.pojo.TbThanks">
    update tb_thanks
    set nick_name = #{nickName,jdbcType=VARCHAR},
      username = #{username,jdbcType=VARCHAR},
      money = #{money,jdbcType=DECIMAL},
      info = #{info,jdbcType=VARCHAR},
      date = #{date,jdbcType=TIMESTAMP},
      email = #{email,jdbcType=VARCHAR},
      state = #{state,jdbcType=INTEGER},
      pay_type = #{payType,jdbcType=VARCHAR},
      order_id = #{orderId,jdbcType=VARCHAR}
    where id = #{id,jdbcType=INTEGER}
  </update>
</mapper>